report_quarter,project_stage,planning_year,load_mw
2024Q1,Contract for Electric Service,2023,10.0
2024Q1,Contract for Electric Service,2024,195.0
2024Q1,Contract for Electric Service,2025,674.0
2024Q1,Contract for Electric Service,2026,1161.0
2024Q1,Contract for Electric Service,2027,1449.0
2024Q1,Contract for Electric Service,2028,1701.0
2024Q1,Contract for Electric Service,2029,1905.0
2024Q1,Contract for Electric Service,2030,2124.0
2024Q1,Contract for Electric Service,2031,2287.0
2024Q1,Contract for Electric Service,2032,2370.0
2024Q1,Contract for Electric Service,2033,2442.0
2024Q1,Contract for Electric Service,2034,2514.0
2024Q1,Contract for Electric Service,2035,2581.0
2024Q1,Contract for Electric Service,2036,2613.0
2024Q1,Contract for Electric Service,2037,2834.0
2024Q1,Request for Service,2023,0.0
2024Q1,Request for Service,2024,124.0
2024Q1,Request for Service,2025,455.0
2024Q1,Request for Service,2026,1064.0
2024Q1,Request for Service,2027,1683.0
2024Q1,Request for Service,2028,2388.0
2024Q1,Request for Service,2029,2878.0
2024Q1,Request for Service,2030,3135.0
2024Q1,Request for Service,2031,3238.0
2024Q1,Request for Service,2032,3292.0
2024Q1,Request for Service,2033,3331.0
2024Q1,Request for Service,2034,3353.0
2024Q1,Request for Service,2035,3353.0
2024Q1,Request for Service,2036,3353.0
2024Q1,Request for Service,2037,3353.0
2024Q1,Technical Review,2023,0.0
2024Q1,Technical Review,2024,124.0
2024Q1,Technical Review,2025,1185.0
2024Q1,Technical Review,2026,3862.0
2024Q1,Technical Review,2027,5820.0
2024Q1,Technical Review,2028,8397.0
2024Q1,Technical Review,2029,9953.0
2024Q1,Technical Review,2030,11260.0
2024Q1,Technical Review,2031,12870.0
2024Q1,Technical Review,2032,13035.0
2024Q1,Technical Review,2033,13180.0
2024Q1,Technical Review,2034,13293.0
2024Q1,Technical Review,2035,13393.0
2024Q1,Technical Review,2036,13393.0
2024Q1,Technical Review,2037,13393.0
2024Q2,Contract for Electric Service,2023,10.0
2024Q2,Contract for Electric Service,2024,227.0
2024Q2,Contract for Electric Service,2025,800.0
2024Q2,Contract for Electric Service,2026,1517.0
2024Q2,Contract for Electric Service,2027,1991.0
2024Q2,Contract for Electric Service,2028,2506.0
2024Q2,Contract for Electric Service,2029,3091.0
2024Q2,Contract for Electric Service,2030,3376.0
2024Q2,Contract for Electric Service,2031,3446.0
2024Q2,Contract for Electric Service,2032,3446.0
2024Q2,Contract for Electric Service,2033,3446.0
2024Q2,Contract for Electric Service,2034,3446.0
2024Q2,Contract for Electric Service,2035,3446.0
2024Q2,Contract for Electric Service,2036,3446.0
2024Q2,Contract for Electric Service,2037,3446.0
2024Q2,Request for Service,2023,0.0
2024Q2,Request for Service,2024,61.0
2024Q2,Request for Service,2025,162.0
2024Q2,Request for Service,2026,592.0
2024Q2,Request for Service,2027,1279.0
2024Q2,Request for Service,2028,2062.0
2024Q2,Request for Service,2029,2716.0
2024Q2,Request for Service,2030,3227.0
2024Q2,Request for Service,2031,3431.0
2024Q2,Request for Service,2032,3572.0
2024Q2,Request for Service,2033,3697.0
2024Q2,Request for Service,2034,3806.0
2024Q2,Request for Service,2035,3806.0
2024Q2,Request for Service,2036,3806.0
2024Q2,Request for Service,2037,3806.0
2024Q2,Technical Review,2023,0.0
2024Q2,Technical Review,2024,40.0
2024Q2,Technical Review,2025,326.0
2024Q2,Technical Review,2026,2614.0
2024Q2,Technical Review,2027,6070.0
2024Q2,Technical Review,2028,9283.0
2024Q2,Technical Review,2029,11358.0
2024Q2,Technical Review,2030,12658.0
2024Q2,Technical Review,2031,14507.0
2024Q2,Technical Review,2032,14837.0
2024Q2,Technical Review,2033,15136.0
2024Q2,Technical Review,2034,15291.0
2024Q2,Technical Review,2035,15436.0
2024Q2,Technical Review,2036,15478.0
2024Q2,Technical Review,2037,15511.0
2024Q3,Contract for Electric Service,2023,11.0
2024Q3,Contract for Electric Service,2024,196.0
2024Q3,Contract for Electric Service,2025,773.0
2024Q3,Contract for Electric Service,2026,1693.0
2024Q3,Contract for Electric Service,2027,2335.0
2024Q3,Contract for Electric Service,2028,2841.0
2024Q3,Contract for Electric Service,2029,3400.0
2024Q3,Contract for Electric Service,2030,3571.0
2024Q3,Contract for Electric Service,2031,3571.0
2024Q3,Contract for Electric Service,2032,3571.0
2024Q3,Contract for Electric Service,2033,3571.0
2024Q3,Contract for Electric Service,2034,3571.0
2024Q3,Contract for Electric Service,2035,3571.0
2024Q3,Contract for Electric Service,2036,3571.0
2024Q3,Contract for Electric Service,2037,3571.0
2024Q3,Request for Service,2023,0.0
2024Q3,Request for Service,2024,61.0
2024Q3,Request for Service,2025,109.0
2024Q3,Request for Service,2026,261.0
2024Q3,Request for Service,2027,857.0
2024Q3,Request for Service,2028,2037.0
2024Q3,Request for Service,2029,2908.0
2024Q3,Request for Service,2030,3411.0
2024Q3,Request for Service,2031,3761.0
2024Q3,Request for Service,2032,4097.0
2024Q3,Request for Service,2033,4294.0
2024Q3,Request for Service,2034,4475.0
2024Q3,Request for Service,2035,4475.0
2024Q3,Request for Service,2036,4475.0
2024Q3,Request for Service,2037,4475.0
2024Q3,Technical Review,2023,0.0
2024Q3,Technical Review,2024,37.0
2024Q3,Technical Review,2025,168.0
2024Q3,Technical Review,2026,3362.0
2024Q3,Technical Review,2027,9262.0
2024Q3,Technical Review,2028,14997.0
2024Q3,Technical Review,2029,19498.0
2024Q3,Technical Review,2030,23238.0
2024Q3,Technical Review,2031,24920.0
2024Q3,Technical Review,2032,25699.0
2024Q3,Technical Review,2033,26263.0
2024Q3,Technical Review,2034,26383.0
2024Q3,Technical Review,2035,26511.0
2024Q3,Technical Review,2036,26553.0
2024Q3,Technical Review,2037,26586.0
2024Q4,Contract for Electric Service,2023,10.0
2024Q4,Contract for Electric Service,2024,196.0
2024Q4,Contract for Electric Service,2025,771.0
2024Q4,Contract for Electric Service,2026,1748.0
2024Q4,Contract for Electric Service,2027,2407.0
2024Q4,Contract for Electric Service,2028,3053.0
2024Q4,Contract for Electric Service,2029,3810.0
2024Q4,Contract for Electric Service,2030,4027.0
2024Q4,Contract for Electric Service,2031,4027.0
2024Q4,Contract for Electric Service,2032,4099.0
2024Q4,Contract for Electric Service,2033,4171.0
2024Q4,Contract for Electric Service,2034,4243.0
2024Q4,Contract for Electric Service,2035,4243.0
2024Q4,Contract for Electric Service,2036,4243.0
2024Q4,Contract for Electric Service,2037,4243.0
2024Q4,Request for Service,2023,0.0
2024Q4,Request for Service,2024,61.0
2024Q4,Request for Service,2025,94.0
2024Q4,Request for Service,2026,106.0
2024Q4,Request for Service,2027,627.0
2024Q4,Request for Service,2028,1832.0
2024Q4,Request for Service,2029,2680.0
2024Q4,Request for Service,2030,3183.0
2024Q4,Request for Service,2031,3533.0
2024Q4,Request for Service,2032,3797.0
2024Q4,Request for Service,2033,3922.0
2024Q4,Request for Service,2034,4031.0
2024Q4,Request for Service,2035,4031.0
2024Q4,Request for Service,2036,4031.0
2024Q4,Request for Service,2037,4031.0
2024Q4,Technical Review,2023,0.0
2024Q4,Technical Review,2024,0.0
2024Q4,Technical Review,2025,90.0
2024Q4,Technical Review,2026,3186.0
2024Q4,Technical Review,2027,9354.0
2024Q4,Technical Review,2028,16407.0
2024Q4,Technical Review,2029,22981.0
2024Q4,Technical Review,2030,28452.0
2024Q4,Technical Review,2031,32483.0
2024Q4,Technical Review,2032,34252.0
2024Q4,Technical Review,2033,34825.0
2024Q4,Technical Review,2034,35223.0
2024Q4,Technical Review,2035,35519.0
2024Q4,Technical Review,2036,35669.0
2024Q4,Technical Review,2037,35906.0
2025Q1,Contract for Electric Service,2023,10.0
2025Q1,Contract for Electric Service,2024,196.0
2025Q1,Contract for Electric Service,2025,833.0
2025Q1,Contract for Electric Service,2026,1942.0
2025Q1,Contract for Electric Service,2027,3029.0
2025Q1,Contract for Electric Service,2028,3595.0
2025Q1,Contract for Electric Service,2029,4222.0
2025Q1,Contract for Electric Service,2030,4338.0
2025Q1,Contract for Electric Service,2031,4338.0
2025Q1,Contract for Electric Service,2032,4410.0
2025Q1,Contract for Electric Service,2033,4482.0
2025Q1,Contract for Electric Service,2034,4554.0
2025Q1,Contract for Electric Service,2035,4554.0
2025Q1,Contract for Electric Service,2036,4554.0
2025Q1,Contract for Electric Service,2037,4554.0
2025Q1,Request for Service,2023,0.0
2025Q1,Request for Service,2024,61.0
2025Q1,Request for Service,2025,91.0
2025Q1,Request for Service,2026,174.0
2025Q1,Request for Service,2027,843.0
2025Q1,Request for Service,2028,2051.0
2025Q1,Request for Service,2029,2822.0
2025Q1,Request for Service,2030,3330.0
2025Q1,Request for Service,2031,3590.0
2025Q1,Request for Service,2032,3659.0
2025Q1,Request for Service,2033,3698.0
2025Q1,Request for Service,2034,3720.0
2025Q1,Request for Service,2035,3720.0
2025Q1,Request for Service,2036,3720.0
2025Q1,Request for Service,2037,3720.0
2025Q1,Technical Review,2023,0.0
2025Q1,Technical Review,2024,0.0
2025Q1,Technical Review,2025,84.0
2025Q1,Technical Review,2026,3563.0
2025Q1,Technical Review,2027,10612.0
2025Q1,Technical Review,2028,19580.0
2025Q1,Technical Review,2029,27755.0
2025Q1,Technical Review,2030,34644.0
2025Q1,Technical Review,2031,39665.0
2025Q1,Technical Review,2032,42279.0
2025Q1,Technical Review,2033,42681.0
2025Q1,Technical Review,2034,43132.0
2025Q1,Technical Review,2035,43432.0
2025Q1,Technical Review,2036,43582.0
2025Q1,Technical Review,2037,43819.0
2025Q2,Contract for Electric Service,2023,10.0
2025Q2,Contract for Electric Service,2024,257.0
2025Q2,Contract for Electric Service,2025,923.0
2025Q2,Contract for Electric Service,2026,2032.0
2025Q2,Contract for Electric Service,2027,3119.0
2025Q2,Contract for Electric Service,2028,3685.0
2025Q2,Contract for Electric Service,2029,4312.0
2025Q2,Contract for Electric Service,2030,4428.0
2025Q2,Contract for Electric Service,2031,4428.0
2025Q2,Contract for Electric Service,2032,4500.0
2025Q2,Contract for Electric Service,2033,4572.0
2025Q2,Contract for Electric Service,2034,4644.0
2025Q2,Contract for Electric Service,2035,4644.0
2025Q2,Contract for Electric Service,2036,4644.0
2025Q2,Contract for Electric Service,2037,4644.0
2025Q2,Request for Service,2023,0.0
2025Q2,Request for Service,2024,0.0
2025Q2,Request for Service,2025,0.0
2025Q2,Request for Service,2026,72.0
2025Q2,Request for Service,2027,1033.0
2025Q2,Request for Service,2028,2576.0
2025Q2,Request for Service,2029,3257.0
2025Q2,Request for Service,2030,3765.0
2025Q2,Request for Service,2031,4025.0
2025Q2,Request for Service,2032,4094.0
2025Q2,Request for Service,2033,4133.0
2025Q2,Request for Service,2034,4155.0
2025Q2,Request for Service,2035,4155.0
2025Q2,Request for Service,2036,4155.0
2025Q2,Request for Service,2037,4155.0
2025Q2,Technical Review,2023,0.0
2025Q2,Technical Review,2024,0.0
2025Q2,Technical Review,2025,0.0
2025Q2,Technical Review,2026,2994.0
2025Q2,Technical Review,2027,10118.0
2025Q2,Technical Review,2028,19574.0
2025Q2,Technical Review,2029,29185.0
2025Q2,Technical Review,2030,37445.0
2025Q2,Technical Review,2031,43082.0
2025Q2,Technical Review,2032,45968.0
2025Q2,Technical Review,2033,46694.0
2025Q2,Technical Review,2034,47226.0
2025Q2,Technical Review,2035,47526.0
2025Q2,Technical Review,2036,47696.0
2025Q2,Technical Review,2037,48023.0
2025Q3,Contract for Electric Service,2023,10.0
2025Q3,Contract for Electric Service,2024,257.0
2025Q3,Contract for Electric Service,2025,857.0
2025Q3,Contract for Electric Service,2026,1781.0
2025Q3,Contract for Electric Service,2027,3787.0
2025Q3,Contract for Electric Service,2028,4967.0
2025Q3,Contract for Electric Service,2029,5820.0
2025Q3,Contract for Electric Service,2030,6303.0
2025Q3,Contract for Electric Service,2031,6453.0
2025Q3,Contract for Electric Service,2032,6525.0
2025Q3,Contract for Electric Service,2033,6525.0
2025Q3,Contract for Electric Service,2034,6525.0
2025Q3,Contract for Electric Service,2035,6525.0
2025Q3,Contract for Electric Service,2036,6525.0
2025Q3,Contract for Electric Service,2037,6525.0
2025Q3,Request for Service,2023,0.0
2025Q3,Request for Service,2024,0.0
2025Q3,Request for Service,2025,0.0
2025Q3,Request for Service,2026,0.0
2025Q3,Request for Service,2027,793.0
2025Q3,Request for Service,2028,2837.0
2025Q3,Request for Service,2029,3218.0
2025Q3,Request for Service,2030,3912.0
2025Q3,Request for Service,2031,4216.0
2025Q3,Request for Service,2032,4431.0
2025Q3,Request for Service,2033,4474.0
2025Q3,Request for Service,2034,4474.0
2025Q3,Request for Service,2035,4474.0
2025Q3,Request for Service,2036,4474.0
2025Q3,Request for Service,2037,4474.0
2025Q3,Technical Review,2023,0.0
2025Q3,Technical Review,2024,0.0
2025Q3,Technical Review,2025,0.0
2025Q3,Technical Review,2026,1781.0
2025Q3,Technical Review,2027,8034.0
2025Q3,Technical Review,2028,16626.0
2025Q3,Technical Review,2029,25752.0
2025Q3,Technical Review,2030,32969.0
2025Q3,Technical Review,2031,37014.0
2025Q3,Technical Review,2032,38663.0
2025Q3,Technical Review,2033,39314.0
2025Q3,Technical Review,2034,39662.0
2025Q3,Technical Review,2035,39774.0
2025Q3,Technical Review,2036,39774.0
2025Q3,Technical Review,2037,39864.0
2025Q4,Contract for Electric Service,2025,857.4
2025Q4,Contract for Electric Service,2026,1803.6
2025Q4,Contract for Electric Service,2027,3834.0
2025Q4,Contract for Electric Service,2028,6360.0
2025Q4,Contract for Electric Service,2029,7179.0
2025Q4,Contract for Electric Service,2030,7643.0
2025Q4,Contract for Electric Service,2031,7793.0
2025Q4,Contract for Electric Service,2032,7865.0
2025Q4,Contract for Electric Service,2033,7865.0
2025Q4,Contract for Electric Service,2034,7865.0
2025Q4,Contract for Electric Service,2035,7865.0
2025Q4,Contract for Electric Service,2036,7865.0
2025Q4,Contract for Electric Service,2037,7865.0
2025Q4,Request for Service,2025,0.0
2025Q4,Request for Service,2026,0.0
2025Q4,Request for Service,2027,381.41700000000003
2025Q4,Request for Service,2028,498.28700000000003
2025Q4,Request for Service,2029,2538.887
2025Q4,Request for Service,2030,2589.192
2025Q4,Request for Service,2031,3303.792
2025Q4,Request for Service,2032,3617.779
2025Q4,Request for Service,2033,3921.479
2025Q4,Request for Service,2034,3964.479
2025Q4,Request for Service,2035,3964.479
2025Q4,Request for Service,2036,3964.479
2025Q4,Request for Service,2037,3964.479
2025Q4,Technical Review,2025,0.0
2025Q4,Technical Review,2026,63.0
2025Q4,Technical Review,2027,3868.2
2025Q4,Technical Review,2028,14620.2
2025Q4,Technical Review,2029,24994.2
2025Q4,Technical Review,2030,36239.8
2025Q4,Technical Review,2031,43858.0
2025Q4,Technical Review,2032,49394.3
2025Q4,Technical Review,2033,51576.3
2025Q4,Technical Review,2034,52857.8
2025Q4,Technical Review,2035,53941.3
2025Q4,Technical Review,2036,53941.3
2025Q4,Technical Review,2037,54042.8
2026Q1,Contract for Electric Service,2026,1912.0
2026Q1,Contract for Electric Service,2027,4615.0
2026Q1,Contract for Electric Service,2028,7233.0
2026Q1,Contract for Electric Service,2029,9102.0
2026Q1,Contract for Electric Service,2030,9494.0
2026Q1,Contract for Electric Service,2031,9572.0
2026Q1,Contract for Electric Service,2032,9572.0
2026Q1,Contract for Electric Service,2033,9572.0
2026Q1,Contract for Electric Service,2034,9572.0
2026Q1,Contract for Electric Service,2035,9572.0
2026Q1,Contract for Electric Service,2036,9572.0
2026Q1,Contract for Electric Service,2037,9572.0
2026Q1,Request for Service,2026,0.0
2026Q1,Request for Service,2027,31.0
2026Q1,Request for Service,2028,523.0
2026Q1,Request for Service,2029,944.0
2026Q1,Request for Service,2030,1757.0
2026Q1,Request for Service,2031,2225.0
2026Q1,Request for Service,2032,2742.0
2026Q1,Request for Service,2033,2785.0
2026Q1,Request for Service,2034,2785.0
2026Q1,Request for Service,2035,2785.0
2026Q1,Request for Service,2036,2785.0
2026Q1,Request for Service,2037,2785.0
2026Q1,Technical Review,2026,0.0
2026Q1,Technical Review,2027,3011.0
2026Q1,Technical Review,2028,15823.0
2026Q1,Technical Review,2029,29033.0
2026Q1,Technical Review,2030,40775.0
2026Q1,Technical Review,2031,49880.0
2026Q1,Technical Review,2032,56127.0
2026Q1,Technical Review,2033,58467.0
2026Q1,Technical Review,2034,59589.0
2026Q1,Technical Review,2035,60672.0
2026Q1,Technical Review,2036,60672.0
2026Q1,Technical Review,2037,60762.0
